long1, lat1, long2, lat2, distance
-104.9847, 39.7392, -104.8214, 38.8339, 110.88
-104.9847, 39.7392, -104.8319, 39.7294, 15.11
-104.9847, 39.7392, -105.0844, 40.5853, 102.56
-104.9847, 39.7392, -104.9719, 39.868, 17.82
-104.9847, 39.7392, -105.0649, 39.813, 15.50
-104.9847, 39.7392, -105.0372, 39.8367, 15.84
-104.9847, 39.7392, -104.7091, 40.4233, 89.45
-104.9847, 39.7392, -104.6091, 38.2544, 180.98
-104.9847, 39.7392, -104.8772, 39.5807, 22.54
-104.9847, 39.7392, -105.2705, 40.015, 45.85
-104.9847, 39.7392, -105.1092, 40.1717, 62.36
-104.9847, 39.7392, -105.0526, 40.3989, 80.76
-104.9847, 39.7392, -105.0866, 39.9205, 27.34
-104.9847, 39.7392, -104.8561, 39.3722, 46.42
-104.9847, 39.7392, -108.5507, 39.0639, 392.81
-104.9847, 39.7392, -104.9339, 39.8083, 11.14
-104.9847, 39.7392, -104.7658, 39.5194, 37.33
-104.9847, 39.7392, -105.0166, 39.6133, 16.77
-104.9847, 39.7392, -104.9014, 40.4775, 92.29
-104.9847, 39.7392, -104.8205, 39.9853, 33.84
-104.9847, 39.7392, -104.9872, 39.8855, 18.03
-104.9847, 39.7392, -105.1, 40.0003, 36.20
-104.9847, 39.7392, -104.7008, 38.6822, 133.78
-104.9847, 39.7392, -104.7105, 40.3793, 82.99
-104.9847, 39.7392, -105.1319, 39.9778, 34.79
-104.9847, 39.7392, -107.8762, 38.4783, 477.74
-104.9847, 39.7392, -105.2305, 39.7542, 28.13
-104.9847, 39.7392, -107.88, 37.2753, 538.72
-104.9847, 39.7392, -104.9122, 40.3369, 74.13
-104.9847, 39.7392, -105.2283, 38.4467, 183.23
-104.9847, 39.7392, -104.9361, 40.1314, 49.65
-104.9847, 39.7392, -104.9114, 39.6159, 18.81
-104.9847, 39.7392, -104.961, 40.1112, 45.33
-104.9847, 39.7392, -105.0142, 39.8661, 18.96
-104.9847, 39.7392, -104.8864, 39.5372, 29.39
-104.9847, 39.7392, -103.2077, 40.6255, 204.03
-104.9847, 39.7392, -108.729, 39.1589, 409.49
-104.9847, 39.7392, -105.1686, 39.9528, 34.88
-104.9847, 39.7392, -106.8317, 40.485, 251.50
-104.9847, 39.7392, -104.8961, 39.458, 39.39
-104.9847, 39.7392, -105.0811, 40.3083, 74.15
-104.8214, 38.8339, -104.8319, 39.7294, 110.03
-104.8214, 38.8339, -105.0844, 40.5853, 233.50
-104.8214, 38.8339, -104.9719, 39.868, 128.28
-104.8214, 38.8339, -105.0649, 39.813, 123.60
-104.8214, 38.8339, -105.0372, 39.8367, 123.91
-104.8214, 38.8339, -104.7091, 40.4233, 213.38
-104.8214, 38.8339, -104.6091, 38.2544, 70.30
-104.8214, 38.8339, -104.8772, 39.5807, 88.46
-104.8214, 38.8339, -105.2705, 40.015, 156.32
-104.8214, 38.8339, -105.1092, 40.1717, 193.30
-104.8214, 38.8339, -105.0526, 40.3989, 211.70
-104.8214, 38.8339, -105.0866, 39.9205, 137.81
-104.8214, 38.8339, -104.8561, 39.3722, 66.53
-104.8214, 38.8339, -108.5507, 39.0639, 500.88
-104.8214, 38.8339, -104.9339, 39.8083, 125.03
-104.8214, 38.8339, -104.7658, 39.5194, 97.34
-104.8214, 38.8339, -105.0166, 39.6133, 106.24
-104.8214, 38.8339, -104.9014, 40.4775, 223.23
-104.8214, 38.8339, -104.8205, 39.9853, 156.46
-104.8214, 38.8339, -104.9872, 39.8855, 128.49
-104.8214, 38.8339, -105.1, 40.0003, 174.64
-104.8214, 38.8339, -104.7008, 38.6822, 23.10
-104.8214, 38.8339, -104.7105, 40.3793, 211.06
-104.8214, 38.8339, -105.1319, 39.9778, 176.18
-104.8214, 38.8339, -107.8762, 38.4783, 380.06
-104.8214, 38.8339, -105.2305, 39.7542, 134.77
-104.8214, 38.8339, -107.88, 37.2753, 505.86
-104.8214, 38.8339, -104.9122, 40.3369, 205.07
-104.8214, 38.8339, -105.2283, 38.4467, 72.53
-104.8214, 38.8339, -104.9361, 40.1314, 173.92
-104.8214, 38.8339, -104.9114, 39.6159, 95.65
-104.8214, 38.8339, -104.961, 40.1112, 176.28
-104.8214, 38.8339, -105.0142, 39.8661, 129.43
-104.8214, 38.8339, -104.8864, 39.5372, 85.94
-104.8214, 38.8339, -103.2077, 40.6255, 316.83
-104.8214, 38.8339, -108.729, 39.1589, 517.56
-104.8214, 38.8339, -105.1686, 39.9528, 145.34
-104.8214, 38.8339, -106.8317, 40.485, 359.56
-104.8214, 38.8339, -104.8961, 39.458, 76.19
-104.8214, 38.8339, -105.0811, 40.3083, 205.09
-104.8319, 39.7294, -105.0844, 40.5853, 112.64
-104.8319, 39.7294, -104.9719, 39.868, 27.89
-104.8319, 39.7294, -105.0649, 39.813, 30.00
-104.8319, 39.7294, -105.0372, 39.8367, 30.34
-104.8319, 39.7294, -104.7091, 40.4233, 95.77
-104.8319, 39.7294, -104.6091, 38.2544, 180.39
-104.8319, 39.7294, -104.8772, 39.5807, 21.95
-104.8319, 39.7294, -105.2705, 40.015, 56.16
-104.8319, 39.7294, -105.1092, 40.1717, 72.43
-104.8319, 39.7294, -105.0526, 40.3989, 90.83
-104.8319, 39.7294, -105.0866, 39.9205, 37.65
-104.8319, 39.7294, -104.8561, 39.3722, 45.84
-104.8319, 39.7294, -108.5507, 39.0639, 415.21
-104.8319, 39.7294, -104.9339, 39.8083, 17.47
-104.8319, 39.7294, -104.7658, 39.5194, 36.74
-104.8319, 39.7294, -105.0166, 39.6133, 35.83
-104.8319, 39.7294, -104.9014, 40.4775, 102.36
-104.8319, 39.7294, -104.8205, 39.9853, 40.17
-104.8319, 39.7294, -104.9872, 39.8855, 28.10
-104.8319, 39.7294, -105.1, 40.0003, 46.51
-104.8319, 39.7294, -104.7008, 38.6822, 133.19
-104.8319, 39.7294, -104.7105, 40.3793, 89.31
-104.8319, 39.7294, -105.1319, 39.9778, 45.10
-104.8319, 39.7294, -107.8762, 38.4783, 500.15
-104.8319, 39.7294, -105.2305, 39.7542, 42.62
-104.8319, 39.7294, -107.88, 37.2753, 615.95
-104.8319, 39.7294, -104.9122, 40.3369, 84.21
-104.8319, 39.7294, -105.2283, 38.4467, 182.64
-104.8319, 39.7294, -104.9361, 40.1314, 59.73
-104.8319, 39.7294, -104.9114, 39.6159, 18.22
-104.8319, 39.7294, -104.961, 40.1112, 55.41
-104.8319, 39.7294, -105.0142, 39.8661, 29.04
-104.8319, 39.7294, -104.8864, 39.5372, 28.81
-104.8319, 39.7294, -103.2077, 40.6255, 206.83
-104.8319, 39.7294, -108.729, 39.1589, 431.89
-104.8319, 39.7294, -105.1686, 39.9528, 45.19
-104.8319, 39.7294, -106.8317, 40.485, 273.90
-104.8319, 39.7294, -104.8961, 39.458, 38.80
-104.8319, 39.7294, -105.0811, 40.3083, 84.23
-105.0844, 40.5853, -104.9719, 39.868, 89.01
-105.0844, 40.5853, -105.0649, 39.813, 101.79
-105.0844, 40.5853, -105.0372, 39.8367, 94.83
-105.0844, 40.5853, -104.7091, 40.4233, 57.18
-105.0844, 40.5853, -104.6091, 38.2544, 305.06
-105.0844, 40.5853, -104.8772, 39.5807, 125.56
-105.0844, 40.5853, -105.2705, 40.015, 104.40
-105.0844, 40.5853, -105.1092, 40.1717, 67.65
-105.0844, 40.5853, -105.0526, 40.3989, 32.90
-105.0844, 40.5853, -105.0866, 39.9205, 88.28
-105.0844, 40.5853, -104.8561, 39.3722, 170.50
-105.0844, 40.5853, -108.5507, 39.0639, 488.64
-105.0844, 40.5853, -104.9339, 39.8083, 98.70
-105.0844, 40.5853, -104.7658, 39.5194, 144.83
-105.0844, 40.5853, -105.0166, 39.6133, 118.24
-105.0844, 40.5853, -104.9014, 40.4775, 26.57
-105.0844, 40.5853, -104.8205, 39.9853, 86.85
-105.0844, 40.5853, -104.9872, 39.8855, 85.31
-105.0844, 40.5853, -105.1, 40.0003, 82.17
-105.0844, 40.5853, -104.7008, 38.6822, 257.86
-105.0844, 40.5853, -104.7105, 40.3793, 53.38
-105.0844, 40.5853, -105.1319, 39.9778, 90.23
-105.0844, 40.5853, -107.8762, 38.4783, 573.57
-105.0844, 40.5853, -105.2305, 39.7542, 116.05
-105.0844, 40.5853, -107.88, 37.2753, 637.98
-105.0844, 40.5853, -104.9122, 40.3369, 40.88
-105.0844, 40.5853, -105.2283, 38.4467, 307.31
-105.0844, 40.5853, -104.9361, 40.1314, 61.68
-105.0844, 40.5853, -104.9114, 39.6159, 121.83
-105.0844, 40.5853, -104.961, 40.1112, 61.81
-105.0844, 40.5853, -105.0142, 39.8661, 89.75
-105.0844, 40.5853, -104.8864, 39.5372, 153.47
-105.0844, 40.5853, -103.2077, 40.6255, 209.39
-105.0844, 40.5853, -108.729, 39.1589, 505.32
-105.0844, 40.5853, -105.1686, 39.9528, 93.43
-105.0844, 40.5853, -106.8317, 40.485, 301.76
-105.0844, 40.5853, -104.8961, 39.458, 163.47
-105.0844, 40.5853, -105.0811, 40.3083, 46.89
-104.9719, 39.868, -105.0649, 39.813, 16.14
-104.9719, 39.868, -105.0372, 39.8367, 9.21
-104.9719, 39.868, -104.7091, 40.4233, 92.21
-104.9719, 39.868, -104.6091, 38.2544, 198.35
-104.9719, 39.868, -104.8772, 39.5807, 39.91
-104.9719, 39.868, -105.2705, 40.015, 40.05
-104.9719, 39.868, -105.1092, 40.1717, 48.03
-104.9719, 39.868, -105.0526, 40.3989, 66.43
-104.9719, 39.868, -105.0866, 39.9205, 21.54
-104.9719, 39.868, -104.8561, 39.3722, 63.79
-104.9719, 39.868, -108.5507, 39.0639, 402.99
-104.9719, 39.868, -104.9339, 39.8083, 13.05
-104.9719, 39.868, -104.7658, 39.5194, 60.46
-104.9719, 39.868, -105.0166, 39.6133, 32.59
-104.9719, 39.868, -104.9014, 40.4775, 77.96
-104.9719, 39.868, -104.8205, 39.9853, 22.35
-104.9719, 39.868, -104.9872, 39.8855, 3.70
-104.9719, 39.868, -105.1, 40.0003, 29.17
-104.9719, 39.868, -104.7008, 38.6822, 151.15
-104.9719, 39.868, -104.7105, 40.3793, 77.58
-104.9719, 39.868, -105.1319, 39.9778, 30.71
-104.9719, 39.868, -107.8762, 38.4783, 487.92
-104.9719, 39.868, -105.2305, 39.7542, 30.40
-104.9719, 39.868, -107.88, 37.2753, 552.33
-104.9719, 39.868, -104.9122, 40.3369, 59.81
-104.9719, 39.868, -105.2283, 38.4467, 200.60
-104.9719, 39.868, -104.9361, 40.1314, 35.33
-104.9719, 39.868, -104.9114, 39.6159, 36.18
-104.9719, 39.868, -104.961, 40.1112, 31.01
-104.9719, 39.868, -105.0142, 39.8661, 4.66
-104.9719, 39.868, -104.8864, 39.5372, 46.76
-104.9719, 39.868, -103.2077, 40.6255, 193.28
-104.9719, 39.868, -108.729, 39.1589, 419.67
-104.9719, 39.868, -105.1686, 39.9528, 29.07
-104.9719, 39.868, -106.8317, 40.485, 261.68
-104.9719, 39.868, -104.8961, 39.458, 56.76
-104.9719, 39.868, -105.0811, 40.3083, 59.83
-105.0649, 39.813, -105.0372, 39.8367, 4.99
-105.0649, 39.813, -104.7091, 40.4233, 89.94
-105.0649, 39.813, -104.6091, 38.2544, 193.86
-105.0649, 39.813, -104.8772, 39.5807, 35.42
-105.0649, 39.813, -105.2705, 40.015, 33.09
-105.0649, 39.813, -105.1092, 40.1717, 61.65
-105.0649, 39.813, -105.0526, 40.3989, 80.05
-105.0649, 39.813, -105.0866, 39.9205, 14.58
-105.0649, 39.813, -104.8561, 39.3722, 59.30
-105.0649, 39.813, -108.5507, 39.0639, 392.26
-105.0649, 39.813, -104.9339, 39.8083, 16.78
-105.0649, 39.813, -104.7658, 39.5194, 50.21
-105.0649, 39.813, -105.0166, 39.6133, 28.10
-105.0649, 39.813, -104.9014, 40.4775, 91.58
-105.0649, 39.813, -104.8205, 39.9853, 34.34
-105.0649, 39.813, -104.9872, 39.8855, 17.33
-105.0649, 39.813, -105.1, 40.0003, 23.44
-105.0649, 39.813, -104.7008, 38.6822, 146.66
-105.0649, 39.813, -104.7105, 40.3793, 83.49
-105.0649, 39.813, -105.1319, 39.9778, 22.04
-105.0649, 39.813, -107.8762, 38.4783, 477.19
-105.0649, 39.813, -105.2305, 39.7542, 19.66
-105.0649, 39.813, -107.88, 37.2753, 541.60
-105.0649, 39.813, -104.9122, 40.3369, 73.43
-105.0649, 39.813, -105.2283, 38.4467, 196.11
-105.0649, 39.813, -104.9361, 40.1314, 48.95
-105.0649, 39.813, -104.9114, 39.6159, 31.69
-105.0649, 39.813, -104.961, 40.1112, 44.63
-105.0649, 39.813, -105.0142, 39.8661, 10.58
-105.0649, 39.813, -104.8864, 39.5372, 42.27
-105.0649, 39.813, -103.2077, 40.6255, 204.53
-105.0649, 39.813, -108.729, 39.1589, 408.94
-105.0649, 39.813, -105.1686, 39.9528, 22.12
-105.0649, 39.813, -106.8317, 40.485, 250.94
-105.0649, 39.813, -104.8961, 39.458, 52.27
-105.0649, 39.813, -105.0811, 40.3083, 73.45
-105.0372, 39.8367, -104.7091, 40.4233, 86.22
-105.0372, 39.8367, -104.6091, 38.2544, 194.17
-105.0372, 39.8367, -104.8772, 39.5807, 35.73
-105.0372, 39.8367, -105.2705, 40.015, 32.41
-105.0372, 39.8367, -105.1092, 40.1717, 58.07
-105.0372, 39.8367, -105.0526, 40.3989, 76.47
-105.0372, 39.8367, -105.0866, 39.9205, 13.90
-105.0372, 39.8367, -104.8561, 39.3722, 59.62
-105.0372, 39.8367, -108.5507, 39.0639, 396.96
-105.0372, 39.8367, -104.9339, 39.8083, 13.10
-105.0372, 39.8367, -104.7658, 39.5194, 50.52
-105.0372, 39.8367, -105.0166, 39.6133, 28.41
-105.0372, 39.8367, -104.9014, 40.4775, 88.00
-105.0372, 39.8367, -104.8205, 39.9853, 30.62
-105.0372, 39.8367, -104.9872, 39.8855, 13.74
-105.0372, 39.8367, -105.1, 40.0003, 22.76
-105.0372, 39.8367, -104.7008, 38.6822, 146.97
-105.0372, 39.8367, -104.7105, 40.3793, 79.76
-105.0372, 39.8367, -105.1319, 39.9778, 21.36
-105.0372, 39.8367, -107.8762, 38.4783, 481.89
-105.0372, 39.8367, -105.2305, 39.7542, 24.37
-105.0372, 39.8367, -107.88, 37.2753, 546.30
-105.0372, 39.8367, -104.9122, 40.3369, 69.84
-105.0372, 39.8367, -105.2283, 38.4467, 196.42
-105.0372, 39.8367, -104.9361, 40.1314, 45.37
-105.0372, 39.8367, -104.9114, 39.6159, 32.00
-105.0372, 39.8367, -104.961, 40.1112, 41.05
-105.0372, 39.8367, -105.0142, 39.8661, 5.60
-105.0372, 39.8367, -104.8864, 39.5372, 42.58
-105.0372, 39.8367, -103.2077, 40.6255, 200.81
-105.0372, 39.8367, -108.729, 39.1589, 413.64
-105.0372, 39.8367, -105.1686, 39.9528, 21.44
-105.0372, 39.8367, -106.8317, 40.485, 255.65
-105.0372, 39.8367, -104.8961, 39.458, 52.58
-105.0372, 39.8367, -105.0811, 40.3083, 69.87
-104.7091, 40.4233, -104.6091, 38.2544, 286.12
-104.7091, 40.4233, -104.8772, 39.5807, 132.94
-104.7091, 40.4233, -105.2705, 40.015, 106.12
-104.7091, 40.4233, -105.1092, 40.1717, 69.38
-104.7091, 40.4233, -105.0526, 40.3989, 34.41
-104.7091, 40.4233, -105.0866, 39.9205, 90.01
-104.7091, 40.4233, -104.8561, 39.3722, 151.57
-104.7091, 40.4233, -108.5507, 39.0639, 476.67
-104.7091, 40.4233, -104.9339, 39.8083, 79.53
-104.7091, 40.4233, -104.7658, 39.5194, 125.89
-104.7091, 40.4233, -105.0166, 39.6133, 106.31
-104.7091, 40.4233, -104.9014, 40.4775, 22.49
-104.7091, 40.4233, -104.8205, 39.9853, 56.69
-104.7091, 40.4233, -104.9872, 39.8855, 87.04
-104.7091, 40.4233, -105.1, 40.0003, 83.90
-104.7091, 40.4233, -104.7008, 38.6822, 238.92
-104.7091, 40.4233, -104.7105, 40.3793, 6.02
-104.7091, 40.4233, -105.1319, 39.9778, 91.96
-104.7091, 40.4233, -107.8762, 38.4783, 561.61
-104.7091, 40.4233, -105.2305, 39.7542, 104.08
-104.7091, 40.4233, -107.88, 37.2753, 626.01
-104.7091, 40.4233, -104.9122, 40.3369, 29.14
-104.7091, 40.4233, -105.2283, 38.4467, 288.37
-104.7091, 40.4233, -104.9361, 40.1314, 49.40
-104.7091, 40.4233, -104.9114, 39.6159, 120.30
-104.7091, 40.4233, -104.961, 40.1112, 53.75
-104.7091, 40.4233, -105.0142, 39.8661, 91.48
-104.7091, 40.4233, -104.8864, 39.5372, 134.54
-104.7091, 40.4233, -103.2077, 40.6255, 162.31
-104.7091, 40.4233, -108.729, 39.1589, 493.35
-104.7091, 40.4233, -105.1686, 39.9528, 95.15
-104.7091, 40.4233, -106.8317, 40.485, 335.36
-104.7091, 40.4233, -104.8961, 39.458, 144.53
-104.7091, 40.4233, -105.0811, 40.3083, 48.61
-104.6091, 38.2544, -104.8772, 39.5807, 160.07
-104.6091, 38.2544, -105.2705, 40.015, 227.93
-104.6091, 38.2544, -105.1092, 40.1717, 264.91
-104.6091, 38.2544, -105.0526, 40.3989, 283.31
-104.6091, 38.2544, -105.0866, 39.9205, 209.42
-104.6091, 38.2544, -104.8561, 39.3722, 138.14
-104.6091, 38.2544, -108.5507, 39.0639, 572.49
-104.6091, 38.2544, -104.9339, 39.8083, 196.64
-104.6091, 38.2544, -104.7658, 39.5194, 168.95
-104.6091, 38.2544, -105.0166, 39.6133, 177.85
-104.6091, 38.2544, -104.9014, 40.4775, 294.84
-104.6091, 38.2544, -104.8205, 39.9853, 228.07
-104.6091, 38.2544, -104.9872, 39.8855, 200.10
-104.6091, 38.2544, -105.1, 40.0003, 246.25
-104.6091, 38.2544, -104.7008, 38.6822, 51.79
-104.6091, 38.2544, -104.7105, 40.3793, 282.67
-104.6091, 38.2544, -105.1319, 39.9778, 247.79
-104.6091, 38.2544, -107.8762, 38.4783, 364.05
-104.6091, 38.2544, -105.2305, 39.7542, 206.38
-104.6091, 38.2544, -107.88, 37.2753, 436.07
-104.6091, 38.2544, -104.9122, 40.3369, 276.68
-104.6091, 38.2544, -105.2283, 38.4467, 64.56
-104.6091, 38.2544, -104.9361, 40.1314, 245.53
-104.6091, 38.2544, -104.9114, 39.6159, 167.26
-104.6091, 38.2544, -104.961, 40.1112, 247.89
-104.6091, 38.2544, -105.0142, 39.8661, 201.04
-104.6091, 38.2544, -104.8864, 39.5372, 157.55
-104.6091, 38.2544, -103.2077, 40.6255, 388.44
-104.6091, 38.2544, -108.729, 39.1589, 589.17
-104.6091, 38.2544, -105.1686, 39.9528, 216.95
-104.6091, 38.2544, -106.8317, 40.485, 431.17
-104.6091, 38.2544, -104.8961, 39.458, 147.80
-104.6091, 38.2544, -105.0811, 40.3083, 276.70
-104.8772, 39.5807, -105.2705, 40.015, 68.28
-104.8772, 39.5807, -105.1092, 40.1717, 111.16
-104.8772, 39.5807, -105.0526, 40.3989, 129.55
-104.8772, 39.5807, -105.0866, 39.9205, 49.77
-104.8772, 39.5807, -104.8561, 39.3722, 24.30
-104.8772, 39.5807, -108.5507, 39.0639, 410.29
-104.8772, 39.5807, -104.9339, 39.8083, 36.99
-104.8772, 39.5807, -104.7658, 39.5194, 15.20
-104.8772, 39.5807, -105.0166, 39.6133, 23.29
-104.8772, 39.5807, -104.9014, 40.4775, 141.09
-104.8772, 39.5807, -104.8205, 39.9853, 59.69
-104.8772, 39.5807, -104.9872, 39.8855, 40.46
-104.8772, 39.5807, -105.1, 40.0003, 92.50
-104.8772, 39.5807, -104.7008, 38.6822, 111.65
-104.8772, 39.5807, -104.7105, 40.3793, 108.84
-104.8772, 39.5807, -105.1319, 39.9778, 57.22
-104.8772, 39.5807, -107.8762, 38.4783, 433.31
-104.8772, 39.5807, -105.2305, 39.7542, 51.81
-104.8772, 39.5807, -107.88, 37.2753, 594.41
-104.8772, 39.5807, -104.9122, 40.3369, 122.93
-104.8772, 39.5807, -105.2283, 38.4467, 161.10
-104.8772, 39.5807, -104.9361, 40.1314, 91.78
-104.8772, 39.5807, -104.9114, 39.6159, 7.62
-104.8772, 39.5807, -104.961, 40.1112, 94.13
-104.8772, 39.5807, -105.0142, 39.8661, 41.39
-104.8772, 39.5807, -104.8864, 39.5372, 7.26
-104.8772, 39.5807, -103.2077, 40.6255, 234.68
-104.8772, 39.5807, -108.729, 39.1589, 426.97
-104.8772, 39.5807, -105.1686, 39.9528, 57.31
-104.8772, 39.5807, -106.8317, 40.485, 268.98
-104.8772, 39.5807, -104.8961, 39.458, 17.26
-104.8772, 39.5807, -105.0811, 40.3083, 122.95
-105.2705, 40.015, -105.1092, 40.1717, 24.83
-105.2705, 40.015, -105.0526, 40.3989, 82.68
-105.2705, 40.015, -105.0866, 39.9205, 21.05
-105.2705, 40.015, -104.8561, 39.3722, 92.27
-105.2705, 40.015, -108.5507, 39.0639, 426.37
-105.2705, 40.015, -104.9339, 39.8083, 41.62
-105.2705, 40.015, -104.7658, 39.5194, 101.18
-105.2705, 40.015, -105.0166, 39.6133, 61.06
-105.2705, 40.015, -104.9014, 40.4775, 94.21
-105.2705, 40.015, -104.8205, 39.9853, 47.66
-105.2705, 40.015, -104.9872, 39.8855, 30.94
-105.2705, 40.015, -105.1, 40.0003, 20.72
-105.2705, 40.015, -104.7008, 38.6822, 179.62
-105.2705, 40.015, -104.7105, 40.3793, 93.83
-105.2705, 40.015, -105.1319, 39.9778, 17.05
-105.2705, 40.015, -107.8762, 38.4783, 511.30
-105.2705, 40.015, -105.2305, 39.7542, 53.78
-105.2705, 40.015, -107.88, 37.2753, 575.71
-105.2705, 40.015, -104.9122, 40.3369, 76.06
-105.2705, 40.015, -105.2283, 38.4467, 229.07
-105.2705, 40.015, -104.9361, 40.1314, 51.58
-105.2705, 40.015, -104.9114, 39.6159, 64.66
-105.2705, 40.015, -104.961, 40.1112, 47.26
-105.2705, 40.015, -105.0142, 39.8661, 31.34
-105.2705, 40.015, -104.8864, 39.5372, 75.24
-105.2705, 40.015, -103.2077, 40.6255, 229.33
-105.2705, 40.015, -108.729, 39.1589, 443.05
-105.2705, 40.015, -105.1686, 39.9528, 12.71
-105.2705, 40.015, -106.8317, 40.485, 285.06
-105.2705, 40.015, -104.8961, 39.458, 85.23
-105.2705, 40.015, -105.0811, 40.3083, 50.56
-105.1092, 40.1717, -105.0526, 40.3989, 30.48
-105.1092, 40.1717, -105.0866, 39.9205, 29.52
-105.1092, 40.1717, -104.8561, 39.3722, 129.59
-105.1092, 40.1717, -108.5507, 39.0639, 447.73
-105.1092, 40.1717, -104.9339, 39.8083, 57.79
-105.1092, 40.1717, -104.7658, 39.5194, 103.92
-105.1092, 40.1717, -105.0166, 39.6133, 77.33
-105.1092, 40.1717, -104.9014, 40.4775, 57.11
-105.1092, 40.1717, -104.8205, 39.9853, 45.94
-105.1092, 40.1717, -104.9872, 39.8855, 44.40
-105.1092, 40.1717, -105.1, 40.0003, 20.01
-105.1092, 40.1717, -104.7008, 38.6822, 216.95
-105.1092, 40.1717, -104.7105, 40.3793, 56.72
-105.1092, 40.1717, -105.1319, 39.9778, 25.42
-105.1092, 40.1717, -107.8762, 38.4783, 532.66
-105.1092, 40.1717, -105.2305, 39.7542, 75.14
-105.1092, 40.1717, -107.88, 37.2753, 597.07
-105.1092, 40.1717, -104.9122, 40.3369, 38.95
-105.1092, 40.1717, -105.2283, 38.4467, 266.40
-105.1092, 40.1717, -104.9361, 40.1314, 20.77
-105.1092, 40.1717, -104.9114, 39.6159, 80.92
-105.1092, 40.1717, -104.961, 40.1112, 20.90
-105.1092, 40.1717, -105.0142, 39.8661, 48.84
-105.1092, 40.1717, -104.8864, 39.5372, 112.56
-105.1092, 40.1717, -103.2077, 40.6255, 204.82
-105.1092, 40.1717, -108.729, 39.1589, 464.41
-105.1092, 40.1717, -105.1686, 39.9528, 30.51
-105.1092, 40.1717, -106.8317, 40.485, 306.41
-105.1092, 40.1717, -104.8961, 39.458, 122.56
-105.1092, 40.1717, -105.0811, 40.3083, 18.49
-105.0526, 40.3989, -105.0866, 39.9205, 65.71
-105.0526, 40.3989, -104.8561, 39.3722, 147.93
-105.0526, 40.3989, -108.5507, 39.0639, 466.06
-105.0526, 40.3989, -104.9339, 39.8083, 76.12
-105.0526, 40.3989, -104.7658, 39.5194, 122.25
-105.0526, 40.3989, -105.0166, 39.6133, 95.66
-105.0526, 40.3989, -104.9014, 40.4775, 22.69
-105.0526, 40.3989, -104.8205, 39.9853, 64.28
-105.0526, 40.3989, -104.9872, 39.8855, 62.74
-105.0526, 40.3989, -105.1, 40.0003, 59.60
-105.0526, 40.3989, -104.7008, 38.6822, 235.28
-105.0526, 40.3989, -104.7105, 40.3793, 32.86
-105.0526, 40.3989, -105.1319, 39.9778, 67.66
-105.0526, 40.3989, -107.8762, 38.4783, 550.99
-105.0526, 40.3989, -105.2305, 39.7542, 93.47
-105.0526, 40.3989, -107.88, 37.2753, 615.40
-105.0526, 40.3989, -104.9122, 40.3369, 18.30
-105.0526, 40.3989, -105.2283, 38.4467, 284.73
-105.0526, 40.3989, -104.9361, 40.1314, 39.10
-105.0526, 40.3989, -104.9114, 39.6159, 99.26
-105.0526, 40.3989, -104.961, 40.1112, 39.23
-105.0526, 40.3989, -105.0142, 39.8661, 67.17
-105.0526, 40.3989, -104.8864, 39.5372, 130.90
-105.0526, 40.3989, -103.2077, 40.6255, 188.87
-105.0526, 40.3989, -108.729, 39.1589, 482.74
-105.0526, 40.3989, -105.1686, 39.9528, 70.85
-105.0526, 40.3989, -106.8317, 40.485, 324.75
-105.0526, 40.3989, -104.8961, 39.458, 140.89
-105.0526, 40.3989, -105.0811, 40.3083, 12.50
-105.0866, 39.9205, -104.8561, 39.3722, 74.30
-105.0866, 39.9205, -108.5507, 39.0639, 408.41
-105.0866, 39.9205, -104.9339, 39.8083, 23.66
-105.0866, 39.9205, -104.7658, 39.5194, 84.56
-105.0866, 39.9205, -105.0166, 39.6133, 43.09
-105.0866, 39.9205, -104.9014, 40.4775, 77.59
-105.0866, 39.9205, -104.8205, 39.9853, 31.04
-105.0866, 39.9205, -104.9872, 39.8855, 12.15
-105.0866, 39.9205, -105.1, 40.0003, 9.91
-105.0866, 39.9205, -104.7008, 38.6822, 161.66
-105.0866, 39.9205, -104.7105, 40.3793, 77.21
-105.0866, 39.9205, -105.1319, 39.9778, 10.47
-105.0866, 39.9205, -107.8762, 38.4783, 493.34
-105.0866, 39.9205, -105.2305, 39.7542, 35.81
-105.0866, 39.9205, -107.88, 37.2753, 557.74
-105.0866, 39.9205, -104.9122, 40.3369, 59.44
-105.0866, 39.9205, -105.2283, 38.4467, 211.11
-105.0866, 39.9205, -104.9361, 40.1314, 34.96
-105.0866, 39.9205, -104.9114, 39.6159, 46.69
-105.0866, 39.9205, -104.961, 40.1112, 30.64
-105.0866, 39.9205, -105.0142, 39.8661, 13.37
-105.0866, 39.9205, -104.8864, 39.5372, 57.27
-105.0866, 39.9205, -103.2077, 40.6255, 211.36
-105.0866, 39.9205, -108.729, 39.1589, 425.08
-105.0866, 39.9205, -105.1686, 39.9528, 9.95
-105.0866, 39.9205, -106.8317, 40.485, 267.09
-105.0866, 39.9205, -104.8961, 39.458, 67.26
-105.0866, 39.9205, -105.0811, 40.3083, 59.46
-104.8561, 39.3722, -108.5507, 39.0639, 436.68
-104.8561, 39.3722, -104.9339, 39.8083, 60.84
-104.8561, 39.3722, -104.7658, 39.5194, 33.15
-104.8561, 39.3722, -105.0166, 39.6133, 42.05
-104.8561, 39.3722, -104.9014, 40.4775, 159.03
-104.8561, 39.3722, -104.8205, 39.9853, 92.26
-104.8561, 39.3722, -104.9872, 39.8855, 64.30
-104.8561, 39.3722, -105.1, 40.0003, 110.45
-104.8561, 39.3722, -104.7008, 38.6822, 88.60
-104.8561, 39.3722, -104.7105, 40.3793, 146.86
-104.8561, 39.3722, -105.1319, 39.9778, 111.98
-104.8561, 39.3722, -107.8762, 38.4783, 439.10
-104.8561, 39.3722, -105.2305, 39.7542, 70.57
-104.8561, 39.3722, -107.88, 37.2753, 571.36
-104.8561, 39.3722, -104.9122, 40.3369, 140.88
-104.8561, 39.3722, -105.2283, 38.4467, 138.05
-104.8561, 39.3722, -104.9361, 40.1314, 109.73
-104.8561, 39.3722, -104.9114, 39.6159, 31.46
-104.8561, 39.3722, -104.961, 40.1112, 112.08
-104.8561, 39.3722, -105.0142, 39.8661, 65.23
-104.8561, 39.3722, -104.8864, 39.5372, 21.74
-104.8561, 39.3722, -103.2077, 40.6255, 252.63
-104.8561, 39.3722, -108.729, 39.1589, 453.36
-104.8561, 39.3722, -105.1686, 39.9528, 81.15
-104.8561, 39.3722, -106.8317, 40.485, 295.37
-104.8561, 39.3722, -104.8961, 39.458, 11.99
-104.8561, 39.3722, -105.0811, 40.3083, 140.90
-108.5507, 39.0639, -104.9339, 39.8083, 402.95
-108.5507, 39.0639, -104.7658, 39.5194, 425.97
-108.5507, 39.0639, -105.0166, 39.6133, 400.60
-108.5507, 39.0639, -104.9014, 40.4775, 477.75
-108.5507, 39.0639, -104.8205, 39.9853, 420.51
-108.5507, 39.0639, -104.9872, 39.8855, 403.49
-108.5507, 39.0639, -105.1, 40.0003, 418.61
-108.5507, 39.0639, -104.7008, 38.6822, 522.24
-108.5507, 39.0639, -104.7105, 40.3793, 469.65
-108.5507, 39.0639, -105.1319, 39.9778, 417.21
-108.5507, 39.0639, -107.8762, 38.4783, 98.33
-108.5507, 39.0639, -105.2305, 39.7542, 379.76
-108.5507, 39.0639, -107.88, 37.2753, 270.18
-108.5507, 39.0639, -104.9122, 40.3369, 459.60
-108.5507, 39.0639, -105.2283, 38.4467, 449.28
-108.5507, 39.0639, -104.9361, 40.1314, 435.12
-108.5507, 39.0639, -104.9114, 39.6159, 405.71
-108.5507, 39.0639, -104.961, 40.1112, 430.80
-108.5507, 39.0639, -105.0142, 39.8661, 404.43
-108.5507, 39.0639, -104.8864, 39.5372, 415.62
-108.5507, 39.0639, -103.2077, 40.6255, 590.70
-108.5507, 39.0639, -108.729, 39.1589, 22.41
-108.5507, 39.0639, -105.1686, 39.9528, 417.29
-108.5507, 39.0639, -106.8317, 40.485, 311.46
-108.5507, 39.0639, -104.8961, 39.458, 427.85
-108.5507, 39.0639, -105.0811, 40.3083, 459.62
-104.9339, 39.8083, -104.7658, 39.5194, 50.73
-104.9339, 39.8083, -105.0166, 39.6133, 27.03
-104.9339, 39.8083, -104.9014, 40.4775, 86.82
-104.9339, 39.8083, -104.8205, 39.9853, 23.72
-104.9339, 39.8083, -104.9872, 39.8855, 12.56
-104.9339, 39.8083, -105.1, 40.0003, 30.97
-104.9339, 39.8083, -104.7008, 38.6822, 148.94
-104.9339, 39.8083, -104.7105, 40.3793, 72.86
-104.9339, 39.8083, -105.1319, 39.9778, 29.56
-104.9339, 39.8083, -107.8762, 38.4783, 487.66
-104.9339, 39.8083, -105.2305, 39.7542, 30.14
-104.9339, 39.8083, -107.88, 37.2753, 552.07
-104.9339, 39.8083, -104.9122, 40.3369, 68.67
-104.9339, 39.8083, -105.2283, 38.4467, 198.39
-104.9339, 39.8083, -104.9361, 40.1314, 44.19
-104.9339, 39.8083, -104.9114, 39.6159, 33.97
-104.9339, 39.8083, -104.961, 40.1112, 39.87
-104.9339, 39.8083, -105.0142, 39.8661, 13.50
-104.9339, 39.8083, -104.8864, 39.5372, 44.56
-104.9339, 39.8083, -103.2077, 40.6255, 193.91
-104.9339, 39.8083, -108.729, 39.1589, 419.41
-104.9339, 39.8083, -105.1686, 39.9528, 29.65
-104.9339, 39.8083, -106.8317, 40.485, 261.41
-104.9339, 39.8083, -104.8961, 39.458, 54.55
-104.9339, 39.8083, -105.0811, 40.3083, 68.69
-104.7658, 39.5194, -105.0166, 39.6133, 34.10
-104.7658, 39.5194, -104.9014, 40.4775, 133.72
-104.7658, 39.5194, -104.8205, 39.9853, 66.95
-104.7658, 39.5194, -104.9872, 39.8855, 60.52
-104.7658, 39.5194, -105.1, 40.0003, 85.13
-104.7658, 39.5194, -104.7008, 38.6822, 115.02
-104.7658, 39.5194, -104.7105, 40.3793, 121.55
-104.7658, 39.5194, -105.1319, 39.9778, 86.67
-104.7658, 39.5194, -107.8762, 38.4783, 444.11
-104.7658, 39.5194, -105.2305, 39.7542, 62.62
-104.7658, 39.5194, -107.88, 37.2753, 597.78
-104.7658, 39.5194, -104.9122, 40.3369, 115.56
-104.7658, 39.5194, -105.2283, 38.4467, 164.47
-104.7658, 39.5194, -104.9361, 40.1314, 84.41
-104.7658, 39.5194, -104.9114, 39.6159, 23.35
-104.7658, 39.5194, -104.961, 40.1112, 86.77
-104.7658, 39.5194, -105.0142, 39.8661, 61.46
-104.7658, 39.5194, -104.8864, 39.5372, 17.75
-104.7658, 39.5194, -103.2077, 40.6255, 227.32
-104.7658, 39.5194, -108.729, 39.1589, 445.41
-104.7658, 39.5194, -105.1686, 39.9528, 89.87
-104.7658, 39.5194, -106.8317, 40.485, 287.41
-104.7658, 39.5194, -104.8961, 39.458, 20.63
-104.7658, 39.5194, -105.0811, 40.3083, 115.59
-105.0166, 39.6133, -104.9014, 40.4775, 107.21
-105.0166, 39.6133, -104.8205, 39.9853, 50.07
-105.0166, 39.6133, -104.9872, 39.8855, 32.95
-105.0166, 39.6133, -105.1, 40.0003, 51.12
-105.0166, 39.6133, -104.7008, 38.6822, 129.24
-105.0166, 39.6133, -104.7105, 40.3793, 99.22
-105.0166, 39.6133, -105.1319, 39.9778, 49.72
-105.0166, 39.6133, -107.8762, 38.4783, 417.37
-105.0166, 39.6133, -105.2305, 39.7542, 36.30
-105.0166, 39.6133, -107.88, 37.2753, 532.62
-105.0166, 39.6133, -104.9122, 40.3369, 89.05
-105.0166, 39.6133, -105.2283, 38.4467, 178.69
-105.0166, 39.6133, -104.9361, 40.1314, 64.57
-105.0166, 39.6133, -104.9114, 39.6159, 11.25
-105.0166, 39.6133, -104.961, 40.1112, 60.25
-105.0166, 39.6133, -105.0142, 39.8661, 33.88
-105.0166, 39.6133, -104.8864, 39.5372, 22.62
-105.0166, 39.6133, -103.2077, 40.6255, 220.26
-105.0166, 39.6133, -108.729, 39.1589, 419.09
-105.0166, 39.6133, -105.1686, 39.9528, 49.80
-105.0166, 39.6133, -106.8317, 40.485, 261.10
-105.0166, 39.6133, -104.8961, 39.458, 34.85
-105.0166, 39.6133, -105.0811, 40.3083, 89.07
-104.9014, 40.4775, -104.8205, 39.9853, 76.47
-104.9014, 40.4775, -104.9872, 39.8855, 74.93
-104.9014, 40.4775, -105.1, 40.0003, 71.79
-104.9014, 40.4775, -104.7008, 38.6822, 247.48
-104.9014, 40.4775, -104.7105, 40.3793, 25.83
-104.9014, 40.4775, -105.1319, 39.9778, 79.85
-104.9014, 40.4775, -107.8762, 38.4783, 563.19
-104.9014, 40.4775, -105.2305, 39.7542, 105.66
-104.9014, 40.4775, -107.88, 37.2753, 627.59
-104.9014, 40.4775, -104.9122, 40.3369, 18.63
-104.9014, 40.4775, -105.2283, 38.4467, 296.93
-104.9014, 40.4775, -104.9361, 40.1314, 51.30
-104.9014, 40.4775, -104.9114, 39.6159, 111.45
-104.9014, 40.4775, -104.961, 40.1112, 51.43
-104.9014, 40.4775, -105.0142, 39.8661, 79.37
-104.9014, 40.4775, -104.8864, 39.5372, 143.09
-104.9014, 40.4775, -103.2077, 40.6255, 181.84
-104.9014, 40.4775, -108.729, 39.1589, 494.93
-104.9014, 40.4775, -105.1686, 39.9528, 83.04
-104.9014, 40.4775, -106.8317, 40.485, 354.34
-104.9014, 40.4775, -104.8961, 39.458, 153.08
-104.9014, 40.4775, -105.0811, 40.3083, 36.50
-104.8205, 39.9853, -104.9872, 39.8855, 27.80
-104.8205, 39.9853, -105.1, 40.0003, 31.51
-104.8205, 39.9853, -104.7008, 38.6822, 178.80
-104.8205, 39.9853, -104.7105, 40.3793, 49.97
-104.8205, 39.9853, -105.1319, 39.9778, 33.05
-104.8205, 39.9853, -107.8762, 38.4783, 506.00
-104.8205, 39.9853, -105.2305, 39.7542, 48.47
-104.8205, 39.9853, -107.88, 37.2753, 570.40
-104.8205, 39.9853, -104.9122, 40.3369, 47.32
-104.8205, 39.9853, -105.2283, 38.4467, 228.25
-104.8205, 39.9853, -104.9361, 40.1314, 27.19
-104.8205, 39.9853, -104.9114, 39.6159, 60.17
-104.8205, 39.9853, -104.961, 40.1112, 25.96
-104.8205, 39.9853, -105.0142, 39.8661, 32.06
-104.8205, 39.9853, -104.8864, 39.5372, 74.41
-104.8205, 39.9853, -103.2077, 40.6255, 174.17
-104.8205, 39.9853, -108.729, 39.1589, 437.74
-104.8205, 39.9853, -105.1686, 39.9528, 36.25
-104.8205, 39.9853, -106.8317, 40.485, 279.75
-104.8205, 39.9853, -104.8961, 39.458, 84.40
-104.8205, 39.9853, -105.0811, 40.3083, 57.73
-104.9872, 39.8855, -105.1, 40.0003, 25.79
-104.9872, 39.8855, -104.7008, 38.6822, 151.81
-104.9872, 39.8855, -104.7105, 40.3793, 74.19
-104.9872, 39.8855, -105.1319, 39.9778, 27.33
-104.9872, 39.8855, -107.8762, 38.4783, 488.58
-104.9872, 39.8855, -105.2305, 39.7542, 31.06
-104.9872, 39.8855, -107.88, 37.2753, 552.99
-104.9872, 39.8855, -104.9122, 40.3369, 56.42
-104.9872, 39.8855, -105.2283, 38.4467, 201.26
-104.9872, 39.8855, -104.9361, 40.1314, 31.95
-104.9872, 39.8855, -104.9114, 39.6159, 36.84
-104.9872, 39.8855, -104.961, 40.1112, 27.63
-104.9872, 39.8855, -105.0142, 39.8661, 4.76
-104.9872, 39.8855, -104.8864, 39.5372, 47.42
-104.9872, 39.8855, -103.2077, 40.6255, 201.42
-104.9872, 39.8855, -108.729, 39.1589, 420.33
-104.9872, 39.8855, -105.1686, 39.9528, 19.67
-104.9872, 39.8855, -106.8317, 40.485, 262.33
-104.9872, 39.8855, -104.8961, 39.458, 57.42
-104.9872, 39.8855, -105.0811, 40.3083, 56.44
-105.1, 40.0003, -104.7008, 38.6822, 198.57
-105.1, 40.0003, -104.7105, 40.3793, 71.12
-105.1, 40.0003, -105.1319, 39.9778, 5.93
-105.1, 40.0003, -107.8762, 38.4783, 502.14
-105.1, 40.0003, -105.2305, 39.7542, 44.61
-105.1, 40.0003, -107.88, 37.2753, 566.54
-105.1, 40.0003, -104.9122, 40.3369, 53.36
-105.1, 40.0003, -105.2283, 38.4467, 248.02
-105.1, 40.0003, -104.9361, 40.1314, 30.53
-105.1, 40.0003, -104.9114, 39.6159, 55.49
-105.1, 40.0003, -104.961, 40.1112, 25.15
-105.1, 40.0003, -105.0142, 39.8661, 30.27
-105.1, 40.0003, -104.8864, 39.5372, 94.19
-105.1, 40.0003, -103.2077, 40.6255, 211.81
-105.1, 40.0003, -108.729, 39.1589, 433.89
-105.1, 40.0003, -105.1686, 39.9528, 11.03
-105.1, 40.0003, -106.8317, 40.485, 275.89
-105.1, 40.0003, -104.8961, 39.458, 104.18
-105.1, 40.0003, -105.0811, 40.3083, 38.26
-104.7008, 38.6822, -104.7105, 40.3793, 234.15
-104.7008, 38.6822, -105.1319, 39.9778, 199.27
-104.7008, 38.6822, -107.8762, 38.4783, 401.47
-104.7008, 38.6822, -105.2305, 39.7542, 157.86
-104.7008, 38.6822, -107.88, 37.2753, 486.28
-104.7008, 38.6822, -104.9122, 40.3369, 228.16
-104.7008, 38.6822, -105.2283, 38.4467, 81.73
-104.7008, 38.6822, -104.9361, 40.1314, 197.01
-104.7008, 38.6822, -104.9114, 39.6159, 118.75
-104.7008, 38.6822, -104.961, 40.1112, 199.37
-104.7008, 38.6822, -105.0142, 39.8661, 152.52
-104.7008, 38.6822, -104.8864, 39.5372, 109.03
-104.7008, 38.6822, -103.2077, 40.6255, 339.92
-104.7008, 38.6822, -108.729, 39.1589, 540.65
-104.7008, 38.6822, -105.1686, 39.9528, 168.44
-104.7008, 38.6822, -106.8317, 40.485, 382.65
-104.7008, 38.6822, -104.8961, 39.458, 99.28
-104.7008, 38.6822, -105.0811, 40.3083, 228.19
-104.7105, 40.3793, -105.1319, 39.9778, 79.23
-104.7105, 40.3793, -107.8762, 38.4783, 554.94
-104.7105, 40.3793, -105.2305, 39.7542, 97.42
-104.7105, 40.3793, -107.88, 37.2753, 619.35
-104.7105, 40.3793, -104.9122, 40.3369, 22.44
-104.7105, 40.3793, -105.2283, 38.4467, 277.19
-104.7105, 40.3793, -104.9361, 40.1314, 42.74
-104.7105, 40.3793, -104.9114, 39.6159, 109.12
-104.7105, 40.3793, -104.961, 40.1112, 47.09
-104.7105, 40.3793, -105.0142, 39.8661, 78.75
-104.7105, 40.3793, -104.8864, 39.5372, 123.35
-104.7105, 40.3793, -103.2077, 40.6255, 159.02
-104.7105, 40.3793, -108.729, 39.1589, 486.69
-104.7105, 40.3793, -105.1686, 39.9528, 82.42
-104.7105, 40.3793, -106.8317, 40.485, 328.69
-104.7105, 40.3793, -104.8961, 39.458, 133.35
-104.7105, 40.3793, -105.0811, 40.3083, 47.08
-105.1319, 39.9778, -107.8762, 38.4783, 500.32
-105.1319, 39.9778, -105.2305, 39.7542, 42.79
-105.1319, 39.9778, -107.88, 37.2753, 564.72
-105.1319, 39.9778, -104.9122, 40.3369, 61.64
-105.1319, 39.9778, -105.2283, 38.4467, 249.25
-105.1319, 39.9778, -104.9361, 40.1314, 37.16
-105.1319, 39.9778, -104.9114, 39.6159, 53.67
-105.1319, 39.9778, -104.961, 40.1112, 32.85
-105.1319, 39.9778, -105.0142, 39.8661, 20.35
-105.1319, 39.9778, -104.8864, 39.5372, 95.41
-105.1319, 39.9778, -103.2077, 40.6255, 213.04
-105.1319, 39.9778, -108.729, 39.1589, 432.06
-105.1319, 39.9778, -105.1686, 39.9528, 5.36
-105.1319, 39.9778, -106.8317, 40.485, 274.07
-105.1319, 39.9778, -104.8961, 39.458, 105.41
-105.1319, 39.9778, -105.0811, 40.3083, 61.66
-107.8762, 38.4783, -105.2305, 39.7542, 464.33
-107.8762, 38.4783, -107.88, 37.2753, 172.20
-107.8762, 38.4783, -104.9122, 40.3369, 544.17
-107.8762, 38.4783, -105.2283, 38.4467, 299.43
-107.8762, 38.4783, -104.9361, 40.1314, 519.69
-107.8762, 38.4783, -104.9114, 39.6159, 490.29
-107.8762, 38.4783, -104.961, 40.1112, 515.37
-107.8762, 38.4783, -105.0142, 39.8661, 489.00
-107.8762, 38.4783, -104.8864, 39.5372, 431.79
-107.8762, 38.4783, -103.2077, 40.6255, 675.27
-107.8762, 38.4783, -108.729, 39.1589, 117.85
-107.8762, 38.4783, -105.1686, 39.9528, 501.86
-107.8762, 38.4783, -106.8317, 40.485, 396.03
-107.8762, 38.4783, -104.8961, 39.458, 444.01
-107.8762, 38.4783, -105.0811, 40.3083, 544.19
-105.2305, 39.7542, -107.88, 37.2753, 528.80
-105.2305, 39.7542, -104.9122, 40.3369, 87.35
-105.2305, 39.7542, -105.2283, 38.4467, 207.46
-105.2305, 39.7542, -104.9361, 40.1314, 62.87
-105.2305, 39.7542, -104.9114, 39.6159, 39.31
-105.2305, 39.7542, -104.961, 40.1112, 58.55
-105.2305, 39.7542, -105.0142, 39.8661, 32.18
-105.2305, 39.7542, -104.8864, 39.5372, 51.39
-105.2305, 39.7542, -103.2077, 40.6255, 218.45
-105.2305, 39.7542, -108.729, 39.1589, 396.29
-105.2305, 39.7542, -105.1686, 39.9528, 30.57
-105.2305, 39.7542, -106.8317, 40.485, 238.29
-105.2305, 39.7542, -104.8961, 39.458, 63.62
-105.2305, 39.7542, -105.0811, 40.3083, 87.37
-107.88, 37.2753, -104.9122, 40.3369, 609.55
-107.88, 37.2753, -105.2283, 38.4467, 412.96
-107.88, 37.2753, -104.9361, 40.1314, 585.07
-107.88, 37.2753, -104.9114, 39.6159, 601.92
-107.88, 37.2753, -104.961, 40.1112, 580.75
-107.88, 37.2753, -105.0142, 39.8661, 554.38
-107.88, 37.2753, -104.8864, 39.5372, 592.21
-107.88, 37.2753, -103.2077, 40.6255, 740.65
-107.88, 37.2753, -108.729, 39.1589, 289.79
-107.88, 37.2753, -105.1686, 39.9528, 567.24
-107.88, 37.2753, -106.8317, 40.485, 567.98
-107.88, 37.2753, -104.8961, 39.458, 582.46
-107.88, 37.2753, -105.0811, 40.3083, 609.57
-104.9122, 40.3369, -105.2283, 38.4467, 278.51
-104.9122, 40.3369, -104.9361, 40.1314, 25.93
-104.9122, 40.3369, -104.9114, 39.6159, 93.04
-104.9122, 40.3369, -104.961, 40.1112, 33.01
-104.9122, 40.3369, -105.0142, 39.8661, 60.95
-104.9122, 40.3369, -104.8864, 39.5372, 124.68
-104.9122, 40.3369, -103.2077, 40.6255, 183.57
-104.9122, 40.3369, -108.729, 39.1589, 476.52
-104.9122, 40.3369, -105.1686, 39.9528, 64.63
-104.9122, 40.3369, -106.8317, 40.485, 318.53
-104.9122, 40.3369, -104.8961, 39.458, 134.67
-104.9122, 40.3369, -105.0811, 40.3083, 18.09
-105.2283, 38.4467, -104.9361, 40.1314, 245.72
-105.2283, 38.4467, -104.9114, 39.6159, 167.45
-105.2283, 38.4467, -104.961, 40.1112, 248.07
-105.2283, 38.4467, -105.0142, 39.8661, 201.23
-105.2283, 38.4467, -104.8864, 39.5372, 157.74
-105.2283, 38.4467, -103.2077, 40.6255, 388.62
-105.2283, 38.4467, -108.729, 39.1589, 466.47
-105.2283, 38.4467, -105.1686, 39.9528, 217.14
-105.2283, 38.4467, -106.8317, 40.485, 321.06
-105.2283, 38.4467, -104.8961, 39.458, 147.98
-105.2283, 38.4467, -105.0811, 40.3083, 276.89
-104.9361, 40.1314, -104.9114, 39.6159, 68.68
-104.9361, 40.1314, -104.961, 40.1112, 4.35
-104.9361, 40.1314, -105.0142, 39.8661, 36.60
-104.9361, 40.1314, -104.8864, 39.5372, 93.31
-104.9361, 40.1314, -103.2077, 40.6255, 184.05
-104.9361, 40.1314, -108.729, 39.1589, 452.16
-104.9361, 40.1314, -105.1686, 39.9528, 40.27
-104.9361, 40.1314, -106.8317, 40.485, 294.17
-104.9361, 40.1314, -104.8961, 39.458, 103.30
-104.9361, 40.1314, -105.0811, 40.3083, 32.56
-104.9114, 39.6159, -104.961, 40.1112, 64.29
-104.9114, 39.6159, -105.0142, 39.8661, 37.92
-104.9114, 39.6159, -104.8864, 39.5372, 14.40
-104.9114, 39.6159, -103.2077, 40.6255, 222.87
-104.9114, 39.6159, -108.729, 39.1589, 423.49
-104.9114, 39.6159, -105.1686, 39.9528, 53.83
-104.9114, 39.6159, -106.8317, 40.485, 265.50
-104.9114, 39.6159, -104.8961, 39.458, 24.39
-104.9114, 39.6159, -105.0811, 40.3083, 93.11
-104.961, 40.1112, -105.0142, 39.8661, 32.28
-104.961, 40.1112, -104.8864, 39.5372, 96.00
-104.961, 40.1112, -103.2077, 40.6255, 183.62
-104.961, 40.1112, -108.729, 39.1589, 447.84
-104.961, 40.1112, -105.1686, 39.9528, 35.95
-104.961, 40.1112, -106.8317, 40.485, 289.85
-104.961, 40.1112, -104.8961, 39.458, 105.99
-104.961, 40.1112, -105.0811, 40.3083, 32.69
-105.0142, 39.8661, -104.8864, 39.5372, 48.06
-105.0142, 39.8661, -103.2077, 40.6255, 202.05
-105.0142, 39.8661, -108.729, 39.1589, 420.96
-105.0142, 39.8661, -105.1686, 39.9528, 20.02
-105.0142, 39.8661, -106.8317, 40.485, 262.97
-105.0142, 39.8661, -104.8961, 39.458, 58.06
-105.0142, 39.8661, -105.0811, 40.3083, 60.97
-104.8864, 39.5372, -103.2077, 40.6255, 236.37
-104.8864, 39.5372, -108.729, 39.1589, 434.03
-104.8864, 39.5372, -105.1686, 39.9528, 64.88
-104.8864, 39.5372, -106.8317, 40.485, 276.03
-104.8864, 39.5372, -104.8961, 39.458, 14.41
-104.8864, 39.5372, -105.0811, 40.3083, 124.63
-103.2077, 40.6255, -108.729, 39.1589, 606.98
-103.2077, 40.6255, -105.1686, 39.9528, 217.45
-103.2077, 40.6255, -106.8317, 40.485, 448.99
-103.2077, 40.6255, -104.8961, 39.458, 246.61
-103.2077, 40.6255, -105.0811, 40.3083, 202.19
-108.729, 39.1589, -105.1686, 39.9528, 434.45
-108.729, 39.1589, -106.8317, 40.485, 328.63
-108.729, 39.1589, -104.8961, 39.458, 445.02
-108.729, 39.1589, -105.0811, 40.3083, 476.78
-105.1686, 39.9528, -106.8317, 40.485, 273.81
-105.1686, 39.9528, -104.8961, 39.458, 73.98
-105.1686, 39.9528, -105.0811, 40.3083, 64.83
-106.8317, 40.485, -104.8961, 39.458, 286.60
-106.8317, 40.485, -105.0811, 40.3083, 318.37
-104.8961, 39.458, -105.0811, 40.3083, 134.15
